machine,codec,size,us_per_frame,fps
M1 Pro,h264,1280x720,7910,126.4
M1 Pro,h264,1920x1080,15530,64.4
M1 Pro,h264,3840x2160,55540,18.0
M1 Pro + PMP vote,h264,1280x720,2870,348.4
M1 Pro + PMP vote,h264,1920x1080,5150,194.2
M1 Pro + PMP vote,h264,3840x2160,18250,54.8
M2,h264,1280x720,3223,310.3
M2,h264,1920x1080,6347,157.6
M2,h264,3840x2160,23649,42.3
M2,hevc,1280x720,4316,231.7
M2,hevc,1920x1080,8497,117.7
M2,hevc,3840x2160,31126,32.1
M1,h264,1280x720,3248,307.9
M1,h264,1920x1080,6419,155.8
M1,h264,3840x2160,23729,42.1
M1,hevc,1280x720,4324,231.3
M1,hevc,1920x1080,8509,117.5
M1,hevc,3840x2160,30998,32.3
M1 Ultra,h264,1280x720,8949,111.7
M1 Ultra,h264,1920x1080,17419,57.4
M1 Ultra,h264,3840x2160,64237,15.6
M1 Ultra,hevc,1280x720,10354,96.6
M1 Ultra,hevc,1920x1080,20265,49.3
M1 Ultra,hevc,3840x2160,73791,13.6
