frame,vbr_qp,vbr_bytes,final_qp,final_bytes,final_emu_qp,tuned_model_qp,tuned_model_bytes
0,29,198170,36,89763,36,36,61331
1,32,50366,36,31923,36,41,12037
2,35,33624,36,34133,36,41,12639
3,38,20478,36,33377,36,41,12392
4,41,12504,36,31800,36,41,12093
5,40,17285,36,30441,36,41,12387
6,40,15947,36,28829,36,41,11684
7,40,16307,36,29618,36,41,11889
8,40,16343,36,28628,36,41,11771
9,40,15987,36,28548,36,41,11908
10,40,16675,36,29549,36,41,12265
11,40,16840,36,29496,36,41,12394
12,40,17321,36,30529,36,41,12878
13,40,18412,36,32952,36,41,13906
14,40,19280,36,34138,36,41,14546
15,40,18877,36,33664,36,41,14363
16,40,19484,36,34961,36,41,14840
17,40,19431,36,35290,36,41,15068
18,40,20105,36,35793,36,41,15310
19,40,20304,36,36344,36,41,15628
20,41,16359,36,36529,36,41,15589
21,41,16862,36,35716,36,41,15755
22,41,17690,36,38027,36,41,16412
23,41,17834,36,38397,36,41,16654
24,41,18863,36,40563,36,41,17967
25,41,18645,36,40211,36,41,17749
26,41,18853,36,40458,36,41,17769
27,41,18979,36,40780,36,41,18220
28,41,19695,36,42436,36,41,19035
29,41,19614,36,42202,36,41,18607
30,41,19428,36,41952,36,41,18806
31,41,18941,36,41693,36,41,18649
32,41,19011,36,41468,36,41,17965
33,41,19460,36,42448,36,41,18927
34,41,19053,36,41639,36,41,18618
35,41,18421,37,34223,37,41,17979
36,41,18573,37,35922,37,41,18670
37,41,18480,37,36010,37,41,17979
38,41,18803,37,36143,37,41,18607
39,41,19412,37,37875,37,41,19424
40,41,20126,37,39599,37,41,20289
41,41,19426,37,38016,37,41,18935
42,41,19638,37,38742,37,41,19030
43,41,19625,37,38811,37,40,22967
44,41,20091,37,39336,37,40,24330
45,42,14909,37,38293,37,40,21566
46,41,20681,37,38135,37,40,23326
47,41,19499,38,27939,38,40,21880
48,41,20371,38,31137,38,40,23273
49,42,15832,38,31970,38,40,22702
50,42,16105,38,30685,38,40,22506
51,44,10544,38,32478,38,40,22640
52,44,11777,38,32338,38,40,23704
53,44,12093,38,33050,38,41,20223
54,44,12263,38,32951,38,41,20215
55,44,12229,38,32286,38,41,19888
56,43,16779,38,32054,38,41,20958
57,43,16102,38,33612,38,40,25009
58,43,16233,39,28941,39,40,25422
59,43,17287,39,33709,39,41,23817
60,44,11286,39,30377,39,41,20465
61,43,19281,39,33951,39,41,24896
62,44,11847,39,32359,39,41,21596
63,43,18224,39,31940,39,41,24413
64,44,11256,40,22474,40,41,18819
65,43,18705,40,26796,40,41,23630
66,43,16358,40,25266,40,41,21782
67,43,15637,40,24718,40,41,22007
68,43,16488,40,26547,40,41,22822
69,43,16280,40,26103,40,41,21377
70,43,16455,41,19775,41,41,21156
71,43,16372,41,21218,41,41,21715
72,43,16270,41,21621,41,41,22763
73,43,16080,41,21358,41,41,21903
74,43,16204,41,21883,41,41,22243
75,43,17094,42,17138,42,41,21339
76,43,16857,42,18517,42,41,22377
77,43,16674,42,18590,42,41,22228
78,43,16895,43,15421,43,41,22323
79,43,17109,43,16470,43,41,22918
80,43,16788,43,16410,43,41,23701
81,43,16958,43,16563,43,41,22179
82,43,16672,44,11473,44,41,21055
83,43,16663,44,12955,44,41,21999
84,43,16492,44,12779,44,41,21778
85,43,16200,44,12842,44,41,22597
86,43,16765,45,9954,45,41,21691
87,43,16963,45,10829,45,41,21460
88,43,17169,45,11150,45,41,22409
89,43,16804,46,7922,46,41,20876
90,43,16752,46,8929,46,41,21756
91,43,16389,46,8870,46,41,21417
92,43,17049,47,6796,47,41,22177
93,43,16868,47,7406,47,41,22097
94,43,16597,47,7459,47,41,20827
95,43,16630,47,7559,47,41,21480
96,43,16961,48,5464,48,41,20672
97,43,16742,48,5981,48,41,21105
98,43,16338,48,6173,48,41,20978
99,42,20311,48,6079,48,41,21379
100,40,35128,49,4649,49,41,23234
101,42,14902,49,5063,49,41,19388
102,42,17840,49,4960,49,41,19465
103,42,18424,50,3625,50,41,19420
104,42,19887,50,4189,50,41,21354
105,42,18648,50,4393,50,41,20848
106,42,19475,50,4322,50,41,22263
107,42,19541,51,3523,51,41,20362
108,42,18711,51,3945,51,41,21080
109,42,19228,51,3780,51,41,21270
110,42,19139,51,3942,51,41,21449
111,42,18777,51,3941,51,41,21253
112,42,18692,51,3856,51,41,22122
113,42,19758,51,3955,51,41,22277
114,42,19314,51,3892,51,41,20754
115,42,18192,51,3901,51,41,20642
116,42,19332,51,3869,51,41,21454
117,42,18685,51,3872,51,41,21028
118,42,18679,51,4080,51,41,21435
119,42,18558,51,3999,51,41,22247
120,42,18917,51,3761,51,41,20329
121,42,18779,51,3698,51,41,21661
122,42,19662,51,3941,51,41,21146
123,42,19389,51,3756,51,41,21259
124,42,19473,51,4102,51,41,21913
125,42,19736,51,4065,51,41,22088
126,42,19824,51,4224,51,41,22577
127,42,20326,51,4293,51,41,23016
128,42,19900,51,4277,51,41,23763
129,42,19412,51,4047,51,41,21261
130,42,20434,51,4149,51,41,22736
131,42,19971,51,4105,51,41,22328
132,42,19850,51,3931,51,41,21997
133,42,19708,51,4060,51,41,22265
134,42,20011,51,4036,51,41,22406
135,42,19899,51,3998,51,41,22294
136,42,19833,50,5176,50,41,22950
137,42,19974,50,5011,50,41,22789
138,42,19755,50,5046,50,41,22574
139,42,19436,50,5172,50,41,22593
140,42,19354,50,5142,50,41,22476
141,42,19039,50,5011,50,41,22010
142,42,19670,50,5222,50,41,22830
143,42,19972,50,5101,50,41,22884
144,42,20640,50,4991,50,41,23207
145,42,20473,50,4887,50,41,22986
146,42,20348,50,5032,50,41,23019
147,42,20036,50,4911,50,41,22735
148,42,20855,50,4999,50,41,23384
149,42,20744,50,4798,50,41,23060
150,40,35588,50,4726,50,41,24254
151,42,16673,50,4888,50,41,21373
152,42,19446,50,4988,50,41,22647
153,42,19460,49,7532,49,41,24484
154,42,20302,49,6670,49,41,24151
155,42,19566,49,6639,49,41,23418
156,42,19862,49,6286,49,41,23143
157,42,19622,49,6222,49,41,22917
158,42,19395,49,6255,49,41,22834
159,42,18726,49,6228,49,41,22207
160,42,19430,49,6259,49,41,22864
161,42,19364,49,6508,49,41,23047
162,41,25466,49,6349,49,42,20178
163,42,18252,49,6348,49,42,19268
164,42,19238,49,6095,49,42,19237
165,42,18831,49,5859,49,42,18675
166,42,20028,49,6145,49,42,20590
167,42,19970,48,7986,48,42,19773
168,42,19450,48,7241,48,42,19233
169,42,19525,48,7273,48,42,19376
170,42,21958,48,7474,48,42,21082
171,42,19827,48,7169,48,42,19508
172,42,20431,48,7283,48,42,19935
173,42,20484,48,7288,48,42,20055
174,42,21655,48,7533,48,42,21001
175,42,20986,48,7461,48,42,20474
176,42,20900,48,7548,48,42,20520
177,42,21470,48,7527,48,42,20894
178,42,20637,48,7282,48,42,20142
179,42,20619,48,7214,48,42,20089
180,42,19985,48,7171,48,42,19614
181,42,20545,48,7219,48,42,20002
182,42,20016,47,10266,47,42,20963
183,42,19939,47,9066,47,42,20057
184,42,20077,47,8932,47,42,19969
185,42,20321,47,8951,47,42,20265
186,42,20147,47,9064,47,42,20184
187,42,19857,47,8974,47,42,19997
188,42,20679,47,8990,47,42,20504
189,42,19878,47,8706,47,42,19737
190,42,19822,47,8699,47,42,19781
191,42,20422,47,9092,47,42,20299
192,42,20558,47,8723,47,42,20244
193,42,19981,47,8792,47,42,19868
194,42,20069,47,8967,47,42,20053
195,42,20104,47,8974,47,42,20152
196,42,20105,47,9054,47,42,20133
197,42,19924,47,8737,47,42,19781
198,42,19728,46,11854,46,42,20602
199,42,19215,46,10538,46,42,19596
