clip,encoder,target_kbps,kbps,wall_s,cpu_s,fps,psnr_y,psnr_avg,ssim,vmaf
crowd_run,ave264-2pass,2000,2574.8,4.15,1.53,48.2,23.659,25.177,0.67197,26.886
crowd_run,ave264-2pass,4000,4256.4,4.18,1.54,47.9,25.839,27.249,0.74221,44.745
crowd_run,ave264-2pass,8000,7320.0,4.22,1.59,47.4,27.142,28.473,0.78318,57.619
crowd_run,ave264-2pass,16000,15707.4,4.28,1.62,46.7,31.151,32.141,0.86424,82.834
park_joy,ave264-2pass,2000,2345.4,4.18,1.57,47.8,22.637,24.158,0.62401,30.656
park_joy,ave264-2pass,4000,4229.3,4.19,1.57,47.7,24.174,25.619,0.68766,44.666
park_joy,ave264-2pass,8000,6864.8,4.21,1.59,47.5,24.184,25.641,0.70317,51.228
park_joy,ave264-2pass,16000,16559.9,4.27,1.62,46.9,28.851,29.931,0.82790,80.758
ducks_take_off,ave264-2pass,2000,2639.1,4.16,1.55,48.1,23.567,25.034,0.62611,20.280
ducks_take_off,ave264-2pass,4000,4478.1,4.19,1.57,47.7,25.330,26.685,0.70299,32.035
ducks_take_off,ave264-2pass,8000,7988.9,4.25,1.61,47.1,26.234,27.554,0.74780,46.271
ducks_take_off,ave264-2pass,16000,17555.8,4.27,1.62,46.8,29.303,30.350,0.83289,67.847
in_to_tree,ave264-2pass,2000,1173.2,4.17,1.57,47.9,31.347,32.526,0.76567,61.495
in_to_tree,ave264-2pass,4000,3687.9,4.19,1.58,47.7,33.920,34.847,0.83039,83.456
in_to_tree,ave264-2pass,8000,8164.3,4.21,1.59,47.5,35.208,35.999,0.85990,89.918
in_to_tree,ave264-2pass,16000,15551.3,4.26,1.62,47.0,36.013,36.700,0.87633,92.188
old_town_cross,ave264-2pass,2000,1075.7,4.16,1.55,48.1,31.647,32.847,0.83262,66.444
old_town_cross,ave264-2pass,4000,3109.1,4.19,1.57,47.7,34.481,35.395,0.87256,85.510
old_town_cross,ave264-2pass,8000,7671.2,4.22,1.60,47.4,35.748,36.541,0.88775,91.266
old_town_cross,ave264-2pass,16000,15314.0,4.27,1.62,46.8,36.248,37.013,0.89478,92.948
